error,time,kp,5,ki,2,kd,0.2
0.020962930527788186,0.05360007286071777
0.020962024313200787,0.10342001914978027
0.020961890569473556,0.15380287170410156
0.020961047215793678,0.20346808433532715
0.020961383775769865,0.2531149387359619
0.0209601989763784,0.3030428886413574
0.02096026786820117,0.35400986671447754
0.0209622438358235,0.40378689765930176
0.020960238752231797,0.4537060260772705
0.020960086679216998,0.5028989315032959
0.02096050155382767,0.5532569885253906
0.020961904905611492,0.6030459403991699
0.020961460170212304,0.6530590057373047
0.020962129530250645,0.7034499645233154
0.020961429233800927,0.7543959617614746
0.020962585976956827,0.8036088943481445
0.020963210266189976,0.8542699813842773
0.020961450029917207,0.9036369323730469
0.020961206302002232,0.9543850421905518
0.02096139750258036,1.0037829875946045
0.020961399689185957,1.0543279647827148
0.020962991918419216,1.1042158603668213
0.02096232582763155,1.1542260646820068
0.020963108938439903,1.204077959060669
0.020960097946024735,1.253730058670044
0.020961890111187598,1.3036830425262451
0.020960529743774936,1.353482961654663
0.020959725063967205,1.4043629169464111
0.02095964352988882,1.4536449909210205
0.020959490146124582,1.5035419464111328
0.020959145924001006,1.5537550449371338
0.020957224819621277,1.6039409637451172
0.020955767143814988,1.653472900390625
0.02095690626429364,1.703495979309082
0.020956708295824154,1.7553448677062988
0.0209561117605871,1.8039450645446777
0.020957516404277697,1.8543329238891602
0.02095607507985689,1.9042129516601562
0.020953912597202883,1.953598976135254
0.02095417833881949,2.005052089691162
0.02095446219865535,2.0532379150390625
0.020951974439390515,2.103508949279785
0.02095018077211043,2.1541519165039062
0.020951158279608022,2.2051000595092773
0.020950760012981448,2.255141019821167
0.020952019001905936,2.3046910762786865
0.02095517733296328,2.3547439575195312
0.020954672391248853,2.4042789936065674
0.020954204065319615,2.4542949199676514
0.020957713316362835,2.5039288997650146
0.02095795305261052,2.552989959716797
0.025149930915692016,2.604624032974243
0.025147066064164968,2.653801918029785
0.025146253565301417,2.7034099102020264
0.02514759401975957,2.7530620098114014
0.02514747073229477,2.8031458854675293
0.025146019881205454,2.854079008102417
0.025144638864307456,2.9037389755249023
0.025144447321991607,2.953197956085205
0.025147970649022564,3.0037660598754883
0.02514554054580708,3.053291082382202
0.025142815178926727,3.1031980514526367
0.02514379152063781,3.154917001724243
0.025142707007667846,3.2040669918060303
0.02514016069312342,3.253736972808838
0.025143248594777193,3.3043200969696045
0.02514289196113588,3.353610038757324
0.02514127700543143,3.4034109115600586
0.02514089432548767,3.4532840251922607
0.025142762416259956,3.5038678646087646
0.025142473234910118,3.5536999702453613
0.025143143813322957,3.603092908859253
0.025142235494437816,3.6549720764160156
0.02514317939616261,3.703566074371338
0.025143675728517743,3.7542169094085693
0.02514246402466354,3.8054280281066895
0.02514515702501282,3.852768898010254
0.02514561535345016,3.9034759998321533
0.02514449536045687,3.953583002090454
0.02514478588879316,4.004047870635986
0.02514503196793918,4.053520917892456
0.02514280762696705,4.104353904724121
0.02514213412357516,4.153281927108765
0.02514082291973583,4.204526901245117
0.025138933217336,4.253357887268066
0.02513844965284099,4.30403208732605
0.025140845141221356,4.353543996810913
0.02514103409153641,4.403526067733765
0.025139292616020326,4.453628063201904
0.02513672589151985,4.50380802154541
0.025137727686624027,4.55378794670105
0.02513682274342382,4.604980945587158
0.02513893094846105,4.6539390087127686
0.025138545914738013,4.704046010971069
0.02513691281214748,4.753439903259277
0.025136857566521807,4.803739070892334
0.025138344318323,4.853205919265747
0.02513989827457789,4.903259038925171
0.025139996486659183,4.95362401008606
0.025140357132295482,5.003459930419922
0.0251405284827187,5.053977966308594
0.025138759173916482,5.1039979457855225
0.025138519792052907,5.153920888900757
0.025138568480908265,5.204629898071289
0.0251383560509583,5.254211902618408
0.025137025360563538,5.3035149574279785
0.02513615054397312,5.354207992553711
0.025134257958151413,5.403095960617065
0.025136131070425387,5.454068899154663
0.025135957391305225,5.504210948944092
0.025134256073364163,5.554252862930298
0.0251327123556028,5.604212045669556
0.02513143300787779,5.653192043304443
0.025131701148686333,5.7038960456848145
0.025133384837188924,5.7527570724487305
0.025135553836389886,5.804702043533325
0.025135588346403927,5.853031873703003
0.02513619936097282,5.904314041137695
0.025135364926927993,5.952790975570679
0.02513479982408269,6.003262042999268
0.025134025259976794,6.053332090377808
0.025133222721731262,6.103743076324463
0.025132215924770843,6.153749942779541
0.025131925317148092,6.204627990722656
0.025132652066863354,6.253719091415405
0.02513113918090175,6.303375959396362
0.025131086182858038,6.353095054626465
0.025131638822977864,6.403964042663574
0.025131122172249165,6.453686952590942
0.025133031275790682,6.503185987472534
0.025131121215380116,6.5531299114227295
0.025131001023096712,6.603129863739014
0.025133123730529727,6.653930902481079
0.02513381854947252,6.704015016555786
0.02513537005854754,6.753460884094238
0.02513682954658722,6.803797006607056
0.025136972314582028,6.854050874710083
0.025136621575852877,6.903980016708374
0.025135659956044207,6.954142093658447
0.02513438976073558,7.0042479038238525
0.025130592984407757,7.053694009780884
0.025130624575245897,7.103895902633667
0.02513034121474978,7.155976057052612
0.025131613177197525,7.205492973327637
0.025134323473795864,7.254668951034546
0.025134221063463323,7.304630994796753
0.02513385117744689,7.3537209033966064
0.025133764021197616,7.403419017791748
0.025132237827074383,7.453810930252075
0.025133136571090446,7.505259037017822
0.025133924232379673,7.554095983505249
0.02513403086797413,7.604745864868164
0.025135317231160692,7.654202938079834
0.025131834316970747,7.70356297492981
0.025130847016968605,7.754141092300415
0.025131267118193627,7.804976940155029
0.025130386594711042,7.854383945465088
0.025130288487274638,7.90389609336853
0.02512861768757111,7.953950881958008
0.025129084758930526,8.00441288948059
0.02513140413440025,8.053735971450806
0.025129456418780317,8.103421926498413
0.02513022198436276,8.154205083847046
0.02513075001052055,8.205482006072998
0.02512847639615432,8.2532639503479
0.02512733534211742,8.303009033203125
0.025128869110277778,8.353662014007568
0.02512698079174512,8.405014991760254
0.025128231820689448,8.455487966537476
0.025129578383953598,8.502770900726318
0.02512868263998714,8.553652048110962
0.025128810716054363,8.604228973388672
0.025126912980271497,8.653258085250854
0.025127365052767532,8.703608989715576
0.025129666987820293,8.754042863845825
0.025128292045019818,8.8037428855896
0.025125987573582073,8.854377031326294
0.02512684489601886,8.90338397026062
0.02512977387149727,8.954577922821045
0.02512664363186793,9.003434896469116
0.02512737238985053,9.054178953170776
0.025127878471179428,9.103928089141846
0.02512679182653882,9.15444803237915
0.025128659560828152,9.204160928726196
0.025128837425959775,9.253881931304932
0.02513043127664672,9.303607940673828
0.025130323145377255,9.353295087814331
0.02513156949397812,9.403928995132446
0.025130249994277237,9.453541994094849
0.025131340195514607,9.503407001495361
0.02512978418283167,9.553268909454346
0.025130612298358758,9.603615999221802
0.025129804762213527,9.654092073440552
0.02513009847965339,9.703387022018433
0.025131496773582708,9.755166053771973
0.025131508803239534,9.804413080215454
0.025130268576177568,9.854907989501953
0.025129831029087724,9.903618097305298
0.025128680834146794,9.954570055007935
0.025129817853300394,10.004585981369019
0.02513154464868997,10.05374789237976
0.02513037658344623,10.103754043579102
0.025133487153139532,10.153645038604736
0.02513388363289424,10.204668998718262
0.025133842496593777,10.25378704071045
0.025132735446479197,10.303050994873047
0.02513566104223612,10.354053974151611
0.025137268431294053,10.404004096984863
0.025138122070803667,10.453232049942017
0.02513966641358316,10.505003929138184
0.025139342823103553,10.554104089736938
0.025139779701734463,10.603375911712646
0.025137965688304502,10.65554404258728
0.02513386745951731,10.705996990203857
0.025134048128133434,10.75441288948059
0.025132646844219654,10.804650068283081
0.025131499938179404,10.854764938354492
0.025131526286930585,10.904834032058716
0.025133270005229566,10.953886985778809
0.025134704411849645,11.003766059875488
0.025134645331583882,11.053853988647461
0.025137926248992554,11.104243993759155
0.02513886930549955,11.154658079147339
0.025139739340461195,11.204566955566406
0.02513996157040939,11.254173040390015
0.025141832596648296,11.303580045700073
0.025141800983538062,11.354136943817139
0.025142682029442295,11.403658866882324
0.02514262330155706,11.453772068023682
0.02514167459655365,11.503926038742065
0.025143471024668525,11.554250001907349
0.02514235625330808,11.603579998016357
0.025141524278043455,11.654197931289673
0.02514147146988896,11.704340934753418
0.02514035033289981,11.75482988357544
0.025139685390550587,11.80321192741394
0.025139155391940227,11.853365898132324
0.025138690558336715,11.904512882232666
0.025138179883752637,11.953312873840332
0.025141221095322866,12.004370927810669
0.025140673478342326,12.054205894470215
0.025140515525042713,12.10415005683899
0.02514261254191904,12.154258012771606
0.02514323957870853,12.203991889953613
0.025143133716466898,12.25401496887207
0.0251449709525651,12.304501056671143
0.025146071560844543,12.355084896087646
0.025146055404919758,12.404937028884888
0.025144662580066812,12.454684019088745
0.025143674092104315,12.504369020462036
0.02514289884237776,12.55344009399414
0.025142659410647264,12.60521388053894
0.025144407484738063,12.654601097106934
0.025144261198647162,12.704087018966675
0.025144918468202097,12.753627061843872
0.025146029246226526,12.803855895996094
0.02514626163733806,12.854238033294678
0.02514569453770786,12.90350890159607
0.02514583703727047,12.95406198501587
0.02514651134805885,13.004896879196167
0.025146241024291367,13.054365873336792
0.025145949368694166,13.104171991348267
0.025146716492623004,13.15488886833191
0.025146177033869302,13.204133987426758
0.025144332106360426,13.253434896469116
0.025140399150473405,13.305340051651001
0.025140056480896504,13.354444026947021
0.025139872120264903,13.405225038528442
0.025139009387803918,13.453671932220459
0.02514010165770813,13.503731966018677
0.025141762755676603,13.553283929824829
0.025140566235686418,13.60346007347107
0.025141795745045298,13.653981924057007
0.025142394355175998,13.703168869018555
0.025144763891893324,13.753221988677979
0.025145285437408085,13.803579092025757
0.025145074768201353,13.853689908981323
0.025146283713460477,13.904145956039429
0.025147223306491204,13.953630924224854
0.025148390156875505,14.004074096679688
0.025147460059361172,14.053956985473633
0.025147819834653043,14.103630065917969
0.02514811309923677,14.153272867202759
0.02515028949332783,14.205467939376831
0.025152797207594918,14.254203081130981
0.02515403500567888,14.303577899932861
0.025152610882560177,14.354251861572266
0.02515099487776013,14.404809951782227
0.02515133368409373,14.45303988456726
0.02515127162211448,14.503679990768433
0.025150831338332763,14.55374789237976
0.025150281701687184,14.605517864227295
0.02515101769430552,14.655200958251953
0.02515092649899267,14.703912019729614
0.025149584344368772,14.753774881362915
0.025149296097282905,14.804105043411255
0.02515088196523301,14.853899955749512
0.025149595212137492,14.904798984527588
0.02515254524709158,14.954668998718262
0.02515199988170152,15.004018068313599
0.02515245860011686,15.054503917694092
0.025152273976512284,15.104165077209473
0.02515159432394569,15.15386700630188
0.025152761063633483,15.205183029174805
0.02515178678756392,15.255539894104004
0.02515297669612114,15.30439305305481
0.02515275669346541,15.353935956954956
0.025155717148249795,15.40477991104126
0.025157004600845433,15.453742980957031
0.02515726323742539,15.50468397140503
0.025158751304973907,15.553940057754517
0.02515915042349271,15.603863000869751
0.025161097404288645,15.655394077301025
0.02516288547353389,15.704823017120361
0.025161396908787076,15.753782987594604
0.025161839723588084,15.805428981781006
0.025161316623773584,15.854176998138428
0.025162818381636858,15.903478860855103
0.02516230419111941,15.95553708076477
0.02516054421873285,16.00371289253235
0.025159773103619706,16.054306030273438
0.02516136787851605,16.104273080825806
0.02516040859095839,16.154021978378296
0.025159598257095475,16.20341205596924
0.025160321071601495,16.254034996032715
0.02515916062360555,16.304637908935547
0.02515948011701613,16.35392189025879
0.02516070066990695,16.40523099899292
0.025162767082017243,16.453821897506714
0.02516374929893704,16.504340887069702
0.025163237175263822,16.553849935531616
0.025162264621369106,16.60427188873291
0.025161185353270825,16.653728008270264
0.02515899333274319,16.704384088516235
0.0251573817642071,16.753660917282104
0.02515774725108423,16.804435968399048
0.025158196576805396,16.854043006896973
0.025157391275859607,16.903594970703125
0.025155883787844065,16.953446865081787
0.025155371837779272,17.003660917282104
0.025154392372397735,17.054259061813354
0.025152889445585136,17.10392999649048
0.025151692320263937,17.15442705154419
0.02515374388620433,17.203679084777832
0.025153495249879934,17.25332808494568
0.025154516882360242,17.304063081741333
0.025156248165082565,17.353632926940918
0.025155754953311515,17.404560089111328
0.025154128643493957,17.453192949295044
0.025153020276880544,17.504474878311157
0.025156062170758615,17.553874969482422
0.025157282697153095,17.60491108894348
0.02515788252730184,17.65431809425354
0.02515806870193668,17.70415186882019
0.02515822668445255,17.755992889404297
0.025159502475197,17.804049968719482
0.02516067121979991,17.85433006286621
0.025161141528376244,17.903618097305298
0.02516220520386489,17.953824996948242
0.02516035350906167,18.004141092300415
0.02516047960925901,18.05490803718567
0.025159635751171257,18.10408306121826
0.025159726614053003,18.154562950134277
0.025160852390970233,18.20582890510559
0.025160492879837723,18.253938913345337
0.02515993476896699,18.30415391921997
0.02515844657097719,18.354501962661743
0.02515951590010255,18.404310941696167
0.025160710223052572,18.453500986099243
0.02516152110406393,18.505815029144287
0.025160762418276812,18.554847955703735
0.025160832325498518,18.60486102104187
0.025161686543618035,18.65430498123169
0.025161015744455485,18.70513606071472
0.025160280638931276,18.75499200820923
0.025160190107808296,18.80370807647705
0.02516237746222818,18.854755878448486
0.02516530376839439,18.90493392944336
0.025167119536521912,18.95383596420288
0.025168570124812967,19.004446029663086
0.025167688350023122,19.05421209335327
0.025167689835006973,19.1039559841156
0.025167289670386457,19.153619050979614
0.02516822123597663,19.20451307296753
0.025168359496922837,19.25399088859558
0.025167918618785,19.303988933563232
0.025166537054249732,19.353795051574707
0.025166400942811286,19.403589963912964
0.025166454098482012,19.454115867614746
0.025165270502048198,19.503620862960815
0.025164122157006405,19.553488969802856
0.025166674662613367,19.60442090034485
0.025165920202819707,19.65398097038269
0.02516651643855184,19.704128980636597
0.025165981407062034,19.7538480758667
0.025168738270797943,19.80403208732605
0.02516816538768244,19.85337209701538
0.025168597942362612,19.904505968093872
0.025167838827033204,19.95325803756714
0.02516649701334269,20.00386691093445
0.025169245300297127,20.054276943206787
0.025171177477647244,20.10387897491455
0.025172020606576223,20.15349292755127
0.02517170181711194,20.203896045684814
0.02517185865135746,20.25436305999756
0.025170789714789803,20.30423402786255
0.025170703755754982,20.353657007217407
0.02517111759869098,20.406163930892944
0.02517324764897874,20.454029083251953
0.0251734771951203,20.503355026245117
0.025173696174000143,20.5534610748291
0.02517324050773828,20.603650093078613
0.025173212563226667,20.654640913009644
0.025174011886594655,20.70598793029785
0.02517166761941165,20.754302978515625
0.02517206184889327,20.805016040802002
0.025173399372490912,20.854557991027832
0.025172824805930652,20.905086994171143
0.02516864522864267,20.95452904701233
0.025169093877950036,21.00375008583069
0.02516782538257851,21.054017066955566
0.025168633807908875,21.1038339138031
0.025168045777208013,21.155216932296753
0.02516694524299109,21.205636024475098
0.02516783597119135,21.254971027374268
0.025167056337519353,21.304476022720337
0.025167534665564525,21.354943990707397
0.025167542134879088,21.405658960342407
0.0251699384720369,21.453783988952637
0.02517014447535565,21.503835916519165
0.025172137020917543,21.555577039718628
0.02517505493213691,21.604439973831177
0.025173645175462958,21.65411400794983
0.025172597615070326,21.704355001449585
0.025175149244171732,21.754052877426147
0.025176609538840433,21.803718090057373
0.02517696281063863,21.8540198802948
0.025178545564269905,21.90478205680847
0.025178353120754504,21.953885078430176
0.02517709157225046,22.004791021347046
0.025177949269520286,22.053716897964478
0.02517859775575501,22.10302495956421
0.025176453339925395,22.15341305732727
0.02517696623394991,22.203131914138794
0.025176760435656198,22.253230094909668
0.025176384277531515,22.30380392074585
0.025179263584590682,22.354853868484497
0.0251773947231764,22.404036045074463
0.02517512679247453,22.454652070999146
0.02517365365677192,22.504049062728882
0.025173615791202794,22.55517601966858
0.025174899025380483,22.604780912399292
0.025175971796372924,22.65487289428711
0.02517492871937134,22.702971935272217
0.025172433417209768,22.753609895706177
0.0251726649568286,22.803760051727295
0.02517210239500236,22.853736877441406
0.025171714229708805,22.903573036193848
0.025169748453800656,22.95460295677185
0.02517098391266582,23.004579067230225
0.025173285168802892,23.053766012191772
0.025174740364668415,23.10345196723938
0.025172747752296595,23.15443992614746
0.025171747685092213,23.20521306991577
0.0251706900194113,23.253644943237305
0.025169817019212344,23.304975986480713
0.025171155322936373,23.354762077331543
0.025170789166068436,23.40337586402893
0.025171589487452704,23.454761028289795
0.025169944417740855,23.503669023513794
0.025167923588179826,23.553874969482422
0.02516669702220363,23.604700088500977
0.02516712585855005,23.653938055038452
0.025167346849956265,23.706100940704346
0.025166310701545007,23.75516700744629
0.0251650087021038,23.80443000793457
0.025164327444680987,23.854902982711792
0.025166115348515122,23.904075860977173
0.02516601765095166,23.954104900360107
0.025168359104562207,24.00475001335144
0.025169375780583855,24.05406093597412
0.025171093853634932,24.104302883148193
0.025170342391027493,24.153368949890137
0.025168754398559673,24.205079078674316
0.025168452905755943,24.253484964370728
0.025170739826391626,24.304513931274414
0.025171373855095547,24.353847980499268
0.02517207203035724,24.404464960098267
0.02517235901992179,24.45373797416687
0.02517352490107605,24.50375509262085
0.02517452001414651,24.553539037704468
0.02517389578763228,24.604932069778442
0.025172497003609205,24.654167890548706
0.025173618470571486,24.70389199256897
0.02517456126502509,24.755155086517334
0.02517540967107041,24.80358099937439
0.02517816332582158,24.854767084121704
0.025178972529324536,24.903604984283447
0.025178426355960466,24.953064918518066
0.02517562801482008,25.00391387939453
0.02517479690208293,25.053700923919678
0.025175379338614676,25.10381007194519
0.025173631239837638,25.15345001220703
0.02517185946169717,25.203927040100098
0.02517080906058121,25.254209995269775
0.025171330026097907,25.30396604537964
0.025171391215787403,25.353803873062134
0.025170248630662022,25.405016899108887
0.025170487215097098,25.455445051193237
0.025172051984714075,25.50575089454651
0.025173196896514614,25.55398392677307
0.025173464698609968,25.60340404510498
0.025173445655491927,25.65348196029663
0.02517224766844932,25.7043399810791
0.025172001277918417,25.753319025039673
0.025169948424644727,25.803104877471924
0.02516853116937301,25.85358190536499
0.025168163787238726,25.904392957687378
0.025168776417774777,25.953898906707764
0.025168371336796315,26.00487494468689
0.02517167814424999,26.053725957870483
0.025174302045047316,26.103878021240234
0.02517504800269524,26.15424108505249
0.025175598353663307,26.204047918319702
0.025176022525991507,26.254011869430542
0.025175546205350327,26.304521083831787
0.02517731757172758,26.354135036468506
0.02517559489226364,26.404824018478394
0.025174917245416074,26.454269886016846
0.025175724172343317,26.505339860916138
0.025175437322253184,26.5535409450531
0.025176243229811393,26.60374093055725
0.025175214318579345,26.655006885528564
0.025174498529236415,26.703990936279297
0.02517419016571021,26.75415587425232
0.025175117504328208,26.80314803123474
0.02517698427003858,26.854135036468506
0.025179443895946632,26.904401063919067
0.02517979599479104,26.954293966293335
0.025177141657400183,27.00411891937256
0.025177349399271062,27.054429054260254
0.025177162737633374,27.103811025619507
0.025176788334943377,27.15365195274353
0.02517774920339866,27.203763961791992
0.02517804542457399,27.254559993743896
0.0251784116396774,27.304374933242798
0.025180989696034196,27.354865074157715
0.02518109334335359,27.404303073883057
0.02518144170675335,27.45458698272705
0.02518230351471916,27.505549907684326
0.025183071754907208,27.553730010986328
0.02518140897088335,27.603605031967163
0.025180009753885325,27.654356002807617
0.025177917752782095,27.705244064331055
0.0251778024101394,27.754005908966064
0.02517785214224469,27.803454875946045
0.025178397779730147,27.853540897369385
0.025178093296344503,27.903618097305298
0.025176864943975218,27.953907012939453
0.025176582745876447,28.00445008277893
0.025176391282823875,28.053261041641235
0.025176822569134172,28.103410959243774
0.025176373998441685,28.15439796447754
0.025175461746226604,28.204792976379395
0.025178113828548787,28.254273891448975
0.0251794670873655,28.303902864456177
0.025177624905998938,28.354045867919922
0.025177498451676023,28.4048330783844
0.025175663369985765,28.45341992378235
0.025174892844021565,28.503803968429565
0.025174592329593598,28.55343008041382
0.02517550270494833,28.603978872299194
0.025177565893625332,28.655066967010498
0.02518002422375739,28.703917980194092
0.025177282457925318,28.753340005874634
0.025178365961156905,28.80345106124878
0.025179170126074915,28.854531049728394
0.0251788512237842,28.904902935028076
0.0251762682503262,28.95352005958557
0.025174367039451806,29.00429606437683
0.02517497157261899,29.053953886032104
0.02517670809832384,29.104130029678345
0.025176409960038795,29.154043912887573
0.02517704181908475,29.204859972000122
0.02517846085389812,29.254117012023926
0.025178680190271148,29.30358600616455
0.02517927150559575,29.353786945343018
0.02518148726648304,29.403552055358887
0.025183653184097196,29.45336604118347
0.02518254217884705,29.50382709503174
0.025183056821665835,29.553387880325317
0.02518272347565796,29.604322910308838
0.02518488010178186,29.653311014175415
0.025184482010911738,29.704169034957886
0.02518508337697932,29.754356861114502
0.025182953561590025,29.803793907165527
0.025183303804946454,29.854634046554565
0.02518252425355247,29.90423893928528
0.025184587576125794,29.954120874404907
0.02518542744326649,30.003736972808838
0.025184058165424142,30.054467916488647
0.025184170361786107,30.10418200492859
0.02518686189478101,30.15337300300598
0.025189763856014465,30.2026948928833
0.02518976711594627,30.253124952316284
0.025188936280199095,30.304219961166382
0.025189703489822267,30.3536319732666
0.02518895074686267,30.403711080551147
0.025189171811097102,30.453378915786743
0.025188684535845655,30.503725051879883
0.025189216587477137,30.554177045822144
0.025187115880152128,30.603517055511475
0.025187155941091152,30.65512704849243
0.02518761953339837,30.704290866851807
0.02518912963002891,30.754278898239136
0.025188585019405706,30.803991079330444
0.025189316335071946,30.853731870651245
0.025189274472317016,30.904996871948242
0.025190036665519756,30.953908920288086
0.02590785803460953,0.047515869140625
0.02590682189848395,0.09988808631896973
0.02590806328414609,0.1470179557800293
0.025908449713884313,0.1965198516845703
0.025907236225944374,0.2477428913116455
0.02590644480662481,0.29736995697021484
0.025905885809295467,0.34718799591064453
0.02590451130288747,0.3977010250091553
0.02590687477199348,0.4470939636230469
0.025905320684724828,0.49819397926330566
0.02590354627612579,0.5470139980316162
0.02590093380648363,0.5979330539703369
0.025902021272452377,0.6479079723358154
0.025900208893317234,0.6969778537750244
0.025898877498440706,0.747856855392456
0.02589805712988255,0.797914981842041
0.025898337261869783,0.8474628925323486
0.025900129423789678,0.8971810340881348
0.025902034669391297,0.947943925857544
0.025903509587559118,0.9979259967803955
0.025901346560495114,1.0473380088806152
0.025902794120008996,1.0977249145507812
0.025902126581491478,1.1481058597564697
0.025902633755072443,1.197342872619629
0.025901714119767286,1.2468149662017822
0.025905306644885343,1.2973499298095703
0.02590626643938096,1.3481359481811523
0.025904937506059197,1.3972349166870117
0.025907065006107816,1.4474408626556396
0.025905098160755674,1.4975218772888184
0.025906547734765223,1.5476179122924805
0.02591046281301901,1.598219871520996
0.025910418858901482,1.647096872329712
0.025910830405339355,1.6969108581542969
0.02591013226033377,1.7472789287567139
0.02591201555867237,1.7975690364837646
0.025911960034391654,1.8473339080810547
0.025911046591015174,1.8972718715667725
0.02591106884485836,1.94753098487854
0.025911451818061523,1.9974300861358643
0.025913705856934366,2.0471339225769043
0.025915349185817865,2.0971169471740723
0.02591390550307833,2.1467530727386475
0.025914735879649653,2.197929859161377
0.025912261471058975,2.24695086479187
0.025913354191302668,2.2980480194091797
0.025915212972578372,2.347601890563965
0.02591632762745126,2.397343873977661
0.025915700554887455,2.4499409198760986
0.02591835868784631,2.497499942779541
0.02591909252453732,2.5484979152679443
0.025917771496816067,2.5978879928588867
0.025916244396594568,2.6478159427642822
0.025917108121230215,2.699091911315918
0.025917757427422652,2.747904062271118
0.02593927429495521,0.016185998916625977
0.02594006228175226,0.06519889831542969
0.025939706681991206,0.11705303192138672
0.02593930230649509,0.16564393043518066
0.025939190395377343,0.2157430648803711
0.025940611145340506,0.2665090560913086
0.021168106743800097,0.31616902351379395
0.01341978763345944,0.3673069477081299
0.007760004555620287,0.41597890853881836
0.002372106226253695,0.46649789810180664
0.00220978826349566,0.5151338577270508
-0.0025179979212125447,0.5655570030212402
-0.001420026471810193,0.6177818775177002
-0.0012807221615237369,0.665740966796875
-0.0012086616837646558,0.7156949043273926
-0.0015450312531600785,0.765449047088623
-0.0013552236557957814,0.8160789012908936
-0.0005066960277042148,0.8653779029846191
-0.0015447607214151837,0.9167399406433105
9.761964864067607e-05,0.966188907623291
0.0011599183788804507,1.0160179138183594
0.00217082505155744,1.0658600330352783
-0.0006316049719854305,1.1152820587158203
0.0033146378756777894,1.1653850078582764
-0.000947911883766403,1.2155170440673828
0.0031815946318387023,1.2662389278411865
0.0005517390555623142,1.3159129619598389
-0.0009526517389494282,1.3656539916992188
0.00024194784355226207,1.415036916732788
0.0005326947430352308,1.4662129878997803
0.0009672315163964107,1.5159080028533936
-0.00010803977331654002,1.5655310153961182
-0.0007758456055226293,1.6164259910583496
-0.0018237922033794152,1.6686210632324219
-0.00014636449137597762,1.7165870666503906
-0.00022048287016669665,1.7664458751678467
-0.0003740346397134997,1.8165180683135986
-0.0003023607163500641,1.8672559261322021
-0.0027224224510154077,1.9164230823516846
0.0003198962958356477,1.9658830165863037
-0.00015999067294018843,2.0161550045013428
1.6279625903642403e-05,2.0659279823303223
-0.0003558221930538008,2.115549087524414
0.000875697548057483,2.1673460006713867
-0.0011094780986238284,2.2171130180358887
0.0005113974841975955,2.2693068981170654
0.0014947197692030262,2.3172478675842285
0.0008590226774144866,2.3664538860321045
0.0018049731373354222,2.4156599044799805
0.00045207143646913694,2.465409994125366
5.0969525145938555e-05,2.515604019165039
0.0003009604867213883,2.566248893737793
0.0007395942339321337,2.6155810356140137
0.0003866168391571667,2.6662230491638184
1.4263502116168558e-05,2.715733051300049
0.0016889727713169378,2.766355037689209
-0.00012964293157767537,2.815626859664917
0.0010282937031087652,2.8661980628967285
0.0002892129482224004,2.9155030250549316
0.0009880272440007803,2.965733051300049
0.0007154586130801582,3.017159938812256
-0.00011346819999806523,3.067012071609497
-0.001743664182291979,3.1162469387054443
0.001139665903592435,3.1660449504852295
-0.00012732959665601173,3.216463088989258
0.00044910313387401535,3.2672438621520996
-0.0010503599248648243,3.3164010047912598
-0.0017241244340777118,3.3658740520477295
-0.00042601184654439406,3.416753053665161
-5.6481813858921814e-05,3.4663960933685303
0.0004969827377534902,3.5168850421905518
-0.0008765786201885423,3.5659050941467285
-0.00016482102584439162,3.615792989730835
-3.993632561602456e-05,3.6669540405273438
-0.0003335823808597871,3.715939998626709
-0.0014911927762003147,3.7658629417419434
-0.0001705621640203936,3.815192937850952
0.0013709666304194679,3.866034984588623
-5.690426406737559e-05,3.916006088256836
0.0023753919400024,3.9660439491271973
-0.0005510748192074783,4.015295028686523
0.0028371283744551834,4.065335988998413
-0.00020774993075618753,4.115952014923096
0.0013498012395159603,4.165554046630859
-0.00036436952665201694,4.215656042098999
-0.00022785697566438112,4.265450954437256
-0.0006327188030740977,4.315346002578735
-0.0015090430909804053,4.365226984024048
-0.00032528650639084,4.415148973464966
-0.0009781806501678453,4.466996908187866
-0.0003431163148713001,4.516155004501343
-0.001027377899828763,4.566832065582275
-0.0011690372378944103,4.61670994758606
-0.0013262244830264391,4.668660879135132
-0.002123384868777556,4.716245889663696
0.0003161603979195404,4.766351938247681
-0.002132909031618724,4.817270040512085
0.0021446436696546806,4.866153955459595
-0.0007107332484530687,4.916141986846924
0.002075893357229755,4.965795993804932
-0.0008019208047975457,5.0155839920043945
0.001384009000910888,5.066807985305786
0.0004672781787435215,5.11681604385376
-0.0016793502825342005,5.1659629344940186
-0.0006430247449814852,5.215764999389648
-0.0003598486819055835,5.26571798324585
-0.0007733888707055214,5.315509080886841
-0.0010476349973480709,5.365694999694824
0.00010672461369254371,5.415421962738037
-0.0005809751809394414,5.4662580490112305
-0.0006938057617879023,5.516776084899902
-0.002775575699721977,5.567099094390869
0.0015093517737202605,5.616803884506226
-0.0005729567438243072,5.665678024291992
0.0006720263263367277,5.716247081756592
0.0018551761091587515,5.765897035598755
0.0009309236360173362,5.815972089767456
-7.65654091863105e-05,5.864803075790405
0.0013107445315342775,5.916266918182373
-0.00015591619227713072,5.965580940246582
0.00016289685915112095,6.015269041061401
0.00014725827891075294,6.065319061279297
0.000736352893739925,6.116013050079346
0.0005292122440453684,6.165380001068115
-0.00015923921430859023,6.21514105796814
0.0006918117118189793,6.267042875289917
-0.00021090737275047955,6.316804885864258
-0.0009771938369951827,6.365769863128662
-0.0006240516820131131,6.41877007484436
-1.1995703353237519e-05,6.466095924377441
0.0008866050897090999,6.515856027603149
0.0003404193600631267,6.56660008430481
-0.001379777709074062,6.616635084152222
-0.000269921131155898,6.666126012802124
-0.0006593637844207884,6.716928005218506
-1.3611135004115704e-05,6.767248868942261
0.0014761994883562002,6.8156418800354
9.237492052019403e-06,6.867990970611572
-0.0015468112457146382,6.916488885879517
0.0012755430722199562,6.967182874679565
-0.000909945055607958,7.015662908554077
-0.0022522678370517912,7.066894054412842
-0.0015944047424216734,7.115450859069824
-0.0008878096144966791,7.16574501991272
-1.0036748960023933e-05,7.216213941574097
0.00012408697358952392,7.26457405090332
-0.0005472808333371326,7.316144943237305
0.0005612304768033427,7.366621971130371
-0.00039031627198642116,7.415881872177124
-0.000676468853217746,7.465985059738159
-0.0014619759173747637,7.516053915023804
0.0012039972555373257,7.565656900405884
-0.0004189861389101712,7.615633964538574
-0.00018932577212739388,7.665040969848633
-0.00017370246452422244,7.715595960617065
-0.0007542589926166909,7.7664899826049805
0.00035415725964532685,7.815393924713135
0.0009644006263299504,7.86589503288269
-1.5713396754685194e-05,7.915979862213135
-0.0012041676667412654,7.966459035873413
4.809433559996301e-05,8.015748977661133
-0.0018781303349994227,8.065721988677979
0.001228834589759309,8.116137981414795
2.8808147912895432e-05,8.167442083358765
0.0007664757186128662,8.215527057647705
0.0027295044334205293,8.265452861785889
-0.0014129898454021822,8.31593108177185
0.0010967002575208856,8.367089033126831
-0.0018548243203610204,8.416030883789062
0.0016951050544781049,8.465972900390625
-0.0004916597153347413,8.51526403427124
0.000535469864663185,8.566336870193481
0.0017761967757664726,8.616599082946777
-3.493232800856616e-05,8.667512893676758
0.0003083886174965744,8.716162919998169
0.0012885360059387563,8.765711069107056
-0.0005575997443000996,8.816500902175903
-0.001063739338162853,8.8663170337677
-0.0023141743694201633,8.91544508934021
0.0012145685432245062,8.965846061706543
-0.0030413690689550105,9.016901969909668
0.0008455445470500339,9.065722942352295
-0.0003970757866340602,9.115859985351562
-0.00039504728105627107,9.165925979614258
0.0007626053706402819,9.214946985244751
0.0007395727656025058,9.26667308807373
-0.0011901294224469366,9.31654691696167
0.0005443239578623998,9.366179943084717
0.00027120944852715434,9.41799807548523
0.0012334752748764666,9.467473030090332
-0.0017293005161006098,9.516921997070312
0.0013221176804954216,9.56593108177185
0.0007193422616763451,9.6177339553833
0.0018067594152893773,9.665343999862671
0.0002651823339294146,9.716310024261475
-0.00099457513894316,9.765497922897339
-0.001305520338179822,9.815774917602539
-0.0017068564754646465,9.866628885269165
0.0008472360138670615,9.916616916656494
-0.0006634266984094639,9.966631889343262
0.0009091197683682578,10.015548944473267
4.154632771861955e-05,10.065887928009033
0.0001824362955830522,10.115669965744019
0.0007407433219794174,10.165482997894287
0.00040805392691219133,10.215820074081421
0.0014797479574373273,10.265753030776978
-0.0004841100757739525,10.315726041793823
-0.0013814436449618717,10.365884065628052
-0.0002220010967597802,10.416157960891724
0.0006309466369988359,10.466110944747925
-0.00014520459238556715,10.515825033187866
0.00019429795312424225,10.565667867660522
-0.001990542894851524,10.61526107788086
0.0014825364188199852,10.666778087615967
-0.0009508755440854888,10.71574091911316
0.0011499274499946616,10.766016960144043
-0.0009019372135112419,10.816442966461182
0.001567230218219709,10.866146087646484
-0.0005836150032518389,10.914876937866211
5.105386157555625e-05,10.965749025344849
-0.001048356971817238,11.015465021133423
-0.0008130771347064358,11.067398071289062
-0.0017587361438148874,11.11601996421814
-0.0007488660324161678,11.166130065917969
-0.0002039084541054087,11.215594053268433
-0.0007249505380359511,11.26686692237854
-0.0012825650316231896,11.316812992095947
-0.0005172143481509406,11.36535096168518
-0.0014993641165137184,11.416653871536255
-0.0029305518006255415,11.466425895690918
0.0008999743077493516,11.51636791229248
-0.0018224466782638948,11.565799951553345
0.0004464838811004679,11.615510940551758
-0.0019995134273333853,11.668017864227295
-0.0005673441592537742,11.715609073638916
-0.0009905771608930275,11.767384052276611
-0.002154663517708183,11.815757036209106
0.00041127125240454643,11.86530089378357
6.001718991580085e-05,11.916522026062012
0.0008662415456342221,11.96645188331604
0.001078120954100259,12.016035079956055
0.0002627703876844911,12.066452026367188
3.103634007768641e-05,12.116422891616821
-0.0016493056677671925,12.16573691368103
-0.0018471948927969994,12.216475009918213
0.0014762783928988638,12.265946865081787
-0.0026494685724246236,12.31607699394226
0.0004621726553472316,12.36589002609253
0.00021777167299985578,12.416050910949707
0.00012953287867567553,12.46556806564331
-0.0008282017058519053,12.515946865081787
-0.0002502286839739659,12.565716028213501
0.00036134181211576466,12.615803003311157
0.0003883846476601671,12.665687084197998
0.0011575190445367312,12.716655969619751
-0.0002681088652685404,12.7657790184021
1.5494694260945185e-05,12.816751956939697
-0.0014242501267689722,12.86574101448059
-0.00041885564279767196,12.916198968887329
-0.0009667788337444222,12.966172933578491
-0.0018918101684723201,13.016217947006226
-0.0005012946638344659,13.06658387184143
-0.0001596861309335479,13.116344928741455
-0.0008636326712647829,13.165339946746826
-0.0017762064119803342,13.216948986053467
-0.002244839418384669,13.266881942749023
0.001660622900892729,13.315969944000244
0.0016278854946498895,13.365817070007324
0.0010077211898513513,13.415437936782837
0.001284200865470984,13.465941905975342
0.00022392418030617138,13.516134977340698
-0.0007034267390188384,13.566160917282104
0.0,21.10992193222046
0.0,21.75062394142151
